Firstname		Lastname
Hazel            	Abbate
Gayle            	Abberley
Alanna           	Abbett
Del              	Abrashkov
Nikki            	Acom
Lurlene          	Afield
Hermy            	Agate
Ludvig           	Agiolfinger
Mandy            	Aird
Vincent          	Akram
Goldy            	Alderwick
Nadia            	Aldus
Rochell          	Alesi
Flossi           	Algar
Papageno         	Allain
Alexandro        	Allawy
Juana            	Allmond
Helen            	Alred
Dacia            	Amar
Roxy             	Ander
Currey           	Angear
Augusto          	Anselmi
Nancy            	Antham
Brina            	Anthoney
Ana              	Antonov
Nathan           	Antoshin
Ettore           	Antrack
Kiele            	Antuk
Delphine         	Ardy
Jamil            	Arents
Joel             	Arger
Mathilde         	Arghent
Ruthann          	Argont
Nil              	Arias
Alice            	Artis
Maryrose         	Artois
Shanon           	Artrick
Isiahi           	Aslott
Arther           	Aspinell
Evangelin        	Athersmith
Barry            	Attenborough
Ethelind         	Attrie
Deck             	Augur
Harman           	Aurelius
Odey             	Avramovitz
Parke            	Aymeric
Petunia          	Baccup
Maryanne         	Bahde
Krissy           	Bailes
Hirsch           	Balk
Sashenka         	Ballinghall
Marin            	Bannard
Celia            	Baptista
Christina        	Barriball
Melloney         	Barter
Hans             	Bartoszewski
Lurlene          	Bartrum
Marley           	Bastide
Eden             	Baumaier
Zelma            	Baus
Nickey           	Bazek
Gregory          	Bazoche
Noland           	Bear
Thaddus          	Beasant
Frannie          	Beatty
Reid             	Bebbington
Suzanne          	Bebbington
Barby            	Behan
Kristian         	Bellefant
Ward             	Bellenger
Tamera           	Beller
Brodie           	Belverstone
Vern             	Belvin
Brit             	Benedit
Irene            	Benettelli
Trista           	Benjafield
Agna             	Beric
Berti            	Bernardeau
Goldia           	Bernardotte
Dougie           	Bernhard
Gilbert          	Bertin
Rosaleen         	Bertwistle
Deonne           	Besnardeau
Ardelia          	Beteriss
Paula            	Betjes
Bree             	Beviss
Mike             	Bickerdyke
Wylma            	Bielfeldt
Beilul           	Bilbee
Mill             	Biles
Corina           	Bilfoot
Clarie           	Bille
Jessie           	Bilofsky
Iseabal          	Birtley
Natala           	Bispham
Randene          	Bitterton
Marie-jeanne     	Bitterton
Candida          	Blanket
Torr             	Blazey
Halli            	Blenkhorn
Lucias           	Blowne
Glenna           	Blunsum
Catharina        	Bodell
Cherlyn          	Bodiam
Timofei          	Bogey
Kurtis           	Bohills
Sallee           	Bolver
Gris             	Bolwell
Pebrook          	Bonaire
Rebecka          	Boner
Shellie          	Bonicelli
Simone           	Boots
Alidia           	Bootyman
Drake            	Bore
Codi             	Bosse
Lorette          	Bourgour
Hedwig           	Bouttell
Caz              	Boxall
Garrik           	Bracco
Corie            	Brader
Kelsy            	Bradford
Nathanil         	Bradnock
Gage             	Brakespear
Garald           	Brakewell
Miran            	Bramwich
Costa            	Branwhite
Bethany          	Braunes
Gates            	Breache
Abelard          	Breagan
Raphaela         	Brecknall
Rosanna          	Breedy
Ardith           	Bretherick
Elmira           	Bricknell
Caroljean        	Briddock
Eolanda          	Brigge
Max              	Bringloe
Elia             	Bristoe
Ernestus         	Britch
Burgess          	Brixey
Aristotle        	Broadhurst
Tanner           	Brookhouse
Tim              	Brookz
Cobby            	Brosnan
Libbey           	Browett
Olive            	Brundrett
Geralda          	Brushneen
Lenci            	Bryan
Darryl           	Btham
Brittaney        	Buie
Birgit           	Bultitude
Griffith         	Buntain
Penn             	Burgis
Darrell          	Burkinshaw
Dame             	Burkwood
Keenan           	Bury
Carolus          	Buske
Morgana          	Busst
Nickie           	Byrd
Vite             	Cadany
Ailis            	Cadigan
Hernando         	Cairney
Graham           	Calderonello
Georgia          	Camerana
Thebault         	Cameron
Claudian         	Caple
Cosme            	Capnerhurst
Pascal           	Carncross
Uriah            	Carsey
Liliane          	Cartmell
Lemar            	Carver
Bar              	Casarino
Alison           	Caslett
Dorothee         	Cassells
Prue             	Castano
Abbe             	Caudrey
Cammy            	Cavil
Shel             	Cawood
Wilow            	Cayton
Leonard          	Chalfont
Reinhold         	Chappelle
Willi            	Chartman
Blythe           	Chartre
Isidor           	Chasle
Edyth            	Cheasman
Dominique        	Cheeke
Gina             	Cheevers
Lotty            	Chesley
Evvy             	China
Orville          	Chinnock
Theresita        	Chmarny
Gwenore          	Cholonin
Kasper           	Cicchetto
Tyne             	Clamp
Mercy            	Clashe
Winni            	Clemo
Alicia           	Clench
Trula            	Cleveley
Davide           	Cliss
Horacio          	Clougher
Emmalee          	Clougher
Jaimie           	Clouston
Ludovika         	Clow
Lucinda          	Clyde
Aimil            	Coatsworth
Harlen           	Cockarill
Betteanne        	Cockerton
Abramo           	Coiley
Germaine         	Colbert
Cherice          	Colebeck
Orly             	Collabine
Zacharie         	Collelton
Almira           	Collete
Stanford         	Collyer
Melodie          	Comber
Banky            	Commings
Galina           	Conford
Elnar            	Confort
Danni            	Confort
Marven           	Conklin
Wolfgang         	Connick
Cecile           	Considine
Walliw           	Copperwaite
Melessa          	Corzor
Cathryn          	Cosely
Chandler         	Cossam
Merci            	Cosstick
Tove             	Cottle
Pam              	Cousens
Wainwright       	Covelle
Harry            	Crayker
Kimberlee        	Cready
Mychal           	Cream
Rowland          	Cremins
Marj             	Crenage
Ignatius         	Cressor
Graig            	Cridge
Almeta           	Criple
Elfrida          	Cristobal
Nell             	Cristofolo
Launce           	Crittal
Chelsea          	Cruickshanks
Brittney         	Crystal
Devondra         	Cunradi
Inger            	Curedell
Sheelagh         	Da Costa
Hilarius         	Daglish
Neila            	Daice
Lizzie           	Danbrook
Merilee          	Dannohl
Vivianne         	Darco
Tera             	Dargue
Jennette         	Darinton
Felice           	Darton
Winfred          	Daulby
Kincaid          	Davidzon
Gilemette        	Davys
Hatty            	Dawby
Mellie           	Dawidowitsch
Marylinda        	De Ruggiero
Emmaline         	Deeks
Mitchell         	Delaprelle
Hendrika         	Demead
Arluene          	Dennington
Terrill          	Denzilow
Kienan           	Derisly
Kim              	Dewdney
Isidoro          	Dewsbury
Chrissy          	Dibsdale
Blake            	Dillestone
Leslie           	Dimitriou
Carrie           	Ditch
Olly             	Docker
Marney           	Dods
Mamie            	Dodsley
Olly             	Doggrell
Gabrila          	Dolman
Moshe            	Domanek
Mable            	Domb
Hartley          	Dominique
Florence         	Donhardt
Minor            	Doog
Kiley            	Dossettor
Eve              	Doulton
Wendye           	Dove
Henry            	Dows
Dal              	Doyle
Merrie           	Dresse
Kory             	Drewes
Michele          	Drexel
Garik            	Dreye
Marrilee         	Dring
Skipton          	Drogan
Rory             	Druitt
Chrissy          	Duffell
Bronnie          	Dulling
Julius           	Dumberell
Gae              	Dunbabin
Walt             	Dungee
Frayda           	Dunican
Hedwig           	Dunkerly
Alford           	Dunrige
Willetta         	Dupree
Alessandro       	Durbann
Lolly            	Dyers
Lloyd            	Dysert
Candide          	Dysert
Sharlene         	Earlam
Hubey            	Earney
Barnaby          	Eaton
Hogan            	Ebbetts
Vanya            	Ebbrell
Anallise         	Ecles
Kaitlyn          	Edgerly
Thomasa          	Edmondson
Kerwin           	Eicke
Dee              	Elden
Sloan            	Emmines
Zaria            	Emsden
Cullan           	Emtage
Isaac            	Ennor
Madelena         	Enns
Cordi            	Enoch
Amalia           	Escalero
Nan              	Esler
Lauritz          	Evenett
Kingston         	Evers
Willy            	Eversfield
Wallache         	Ewers
Stefano          	Exeter
Theodore         	Eyres
Electra          	Fairpool
Gert             	Falkous
Bendick          	Fantini
Wenona           	Farrand
Maurise          	Farre
Clemens          	Fattorini
Stefano          	Feare
Terrijo          	Featherstone
Ibby             	Feek
Ola              	Feldmann
Loreen           	Feldmus
Price            	Fellos
Kiri             	Fer
Estel            	Ferenc
Rodolph          	Ferrero
Jasun            	Fibbit
Aaron            	Fidge
Elita            	Figgess
Diane-marie      	Filippozzi
Marjorie         	Fillan
Paolina          	Finneran
Arron            	Firks
Anders           	FitzGibbon
Nicolle          	Fitzharris
Olive            	Fivey
Kendricks        	Fockes
Aubry            	Fogel
Gannie           	Franklen
Caddric          	Frowen
Dianna           	Frusher
Aurel            	Full
Charmian         	Fullalove
Gwenette         	Furminger
Kristoffer       	Fyfe
Estele           	Fynn
Masha            	Gallard
Hermy            	Galway
Suzette          	Garlic
Devinne          	Garlick
Rosette          	Garlinge
Christabella     	Garvagh
Lara             	Gasnell
Kylie            	Gatecliff
Georgeta         	Gayforth
Henrietta        	Gebbie
Emelyne          	Geely
Margeaux         	Gellert
Natassia         	Gethins
Harlie           	Giacobo
Rancell          	Gianinotti
Darlene          	Gibbings
Dasi             	Gierhard
Leese            	Gierhard
Tania            	Gillam
Napoleon         	Gillicuddy
Biddy            	Gillivrie
Tades            	Gimenez
Arlen            	Girodin
Stevie           	Gladman
Knox             	Glazebrook
Abramo           	Gleadle
Audrie           	Gleed
Bancroft         	Godfery
Ardene           	Godleman
Armin            	Godly
Valerye          	Godrich
Josie            	Goldby
Wilfred          	Goldwater
Alane            	Golsby
Angelina         	Goodby
Isadora          	Goodlip
Ritchie          	Gosnall
Helenelizabeth   	Gossage
Imogen           	Graffham
Lyell            	Gravatt
Regine           	Greenshields
Starlin          	Greenshields
Gratiana         	Grouvel
Bee              	Grube
Barnard          	Gruczka
Winny            	Gruszka
Malvin           	Grzegorzewicz
Ferrell          	Grzelczyk
Grange           	Guiduzzi
Fedora           	Guirau
Mohammed         	Guisby
Coral            	Gulston
Gerald           	Gunston
Devon            	Gurnett
Vale             	Gyles
Kevon            	Hacon
Melissa          	Hacquoil
Arlana           	Hagan
Vera             	Halladey
Dan              	Hambleton
Emmaline         	Handover
Chiquia          	Hannant
Kirk             	Hanscomb
Annabelle        	Hansel
Niall            	Hansford
Andris           	Hardin
Berkley          	Hardway
Jeniece          	Harling
Roxane           	Harsent
Helena           	Haselgrove
Brandi           	Haskins
Felizio          	Haugen
Balduin          	Haveline
Rockwell         	Heaney
Parker           	Heaney`
Amy              	Heinle
Hal              	Heinsh
Trula            	Helks
Sibyl            	Herrero
Hunter           	Heskey
Evelina          	Hess
Justinn          	Hexum
Ly               	Holdall
Milzie           	Hollingsby
Debor            	Holywell
Ursuline         	Hubber
Bayard           	Huckell
Sunshine         	Huckerbe
Alyce            	Huey
Olivette         	Humblestone
Winn             	Hundal
Isak             	Hunton
Isabel           	Huortic
Adolph           	Hurling
Belicia          	Hurll
Vivian           	Hussell
Morty            	Huyton
Helen-elizabeth  	Hyde-Chambers
Vicki            	Iacivelli
Magda            	Ilem
Marius           	Ingledow
Abbe             	Ings
Greg             	Irvin
Janine           	Issacson
Tracie           	Ivamy
Carolin          	Ivanaev
Otis             	Ivankin
Andrey           	Ivashkin
Audre            	Izakovitz
Colas            	Jaggli
Goldy            	Jahnel
Roch             	Jamieson
Judy             	Jansens
Pierrette        	Jeacop
Karylin          	Jedraszek
Ulric            	Jedrzaszkiewicz
Farris           	Jemmett
Chicky           	Jent
Isa              	Jerrems
Lewes            	Jickles
Winthrop         	Jillins
Dominica         	Jime
Edlin            	Jobling
Brandais         	Joincey
Ashil            	Josefer
Brocky           	Josipovitz
Ingram           	Jowling
Tull             	Jurkiewicz
Crissy           	Kacheler
Artemas          	Kapelhof
Cherye           	Karlmann
Walliw           	Kasper
Kath             	Kaysor
Daffie           	Kearney
Robena           	Keiley
Zachary          	Kennedy
Abbye            	Kerans
Saraann          	Kerner
Justine          	Keston
Brenden          	Keyzman
Esme             	Kief
Rae              	Kiefer
Trevar           	Kinnett
Hailee           	Kira
Dilly            	Kirkbride
Addison          	Kirkhouse
Valentine        	Kirman
Dwayne           	Kirvin
Ab               	Kitchiner
Booth            	Kleinber
Anica            	Kleiner
Morley           	Klosa
Sophey           	Klugman
Horatio          	Kluss
Emmalee          	Kmieciak
Salvador         	Knapper
Nelie            	Kneeland
Rachel           	Kobierra
Carmen           	Kopke
Enrika           	Krollman
Jacquette        	Krzyzowski
Chane            	Kubczak
Johnny           	Kuhnke
Etheline         	Kurdani
Jere             	Kuscha
Ephrem           	Kynton
Reagan           	Labarre
Rachele          	Labone
Elwin            	Lafford
Temple           	Laker
Kiel             	Langdon
Claudette        	Langfat
Selene           	Langstone
Theo             	Lankester
Tommy            	Lantiffe
Deirdre          	Larking
Orran            	Lashford
Marc             	Latchmore
Kristine         	Latek
Vyky             	Laweles
Raimondo         	Lawrenson
Libbie           	Laxon
Rosina           	Leadstone
Ellen            	Leaning
Shellie          	Leathes
Flss             	Lebell
Rex              	Lechelle
Broderic         	Ledgeway
Yvette           	Leech
Theodore         	Legerton
Michaela         	Legon
Keely            	Le-Good
Nico             	Leonard
Andrea           	Lepard
Eamon            	Lerer
Gates            	Lewcock
Henka            	Leyninye
Beth             	Liggons
Candi            	Lightfoot
Anatola          	Lillistone
Angelita         	Linay
Colby            	Lines
Prentice         	Livens
Diane            	Livesley
Olia             	Llopis
Siward           	Lobb
Mitchael         	Longthorne
Davin            	Lovelace
Gabey            	Lowerson
Zak              	Ludy
Dwayne           	Lukianovich
Sibella          	Luparti
Dode             	Lurner
Candis           	Lynch
Candice          	MacAughtrie
Cross            	MacCallam
Consalve         	MacColl
Prudi            	MacDwyer
Shel             	MacEllen
Curran           	Maceur
Constance        	MacGowan
Ella             	Mackilpatrick
Malory           	MacLleese
Blondelle        	MacNeachtain
Meredith         	MacNeice
Harman           	MacNeilley
Brewer           	Maffi
Farr             	Manlow
Gregg            	Manssuer
Oran             	Mantrip
Marnia           	Manuely
Larisa           	Marikhin
Irvine           	Marin
Jena             	Markus
Kellia           	Marle
Jeffy            	Marquez
Connor           	Martinelli
Giffard          	Martinet
Elton            	Martinovsky
Malanie          	Matchett
Edvard           	Mateuszczyk
Gusty            	Mathis
Cull             	Mathouse
Kelcy            	Mattke
Jaime            	Matuska
Norah            	Matzel
Olenka           	May
Laetitia         	Mayne
Georgia          	McCarly
Town             	McClarence
Lorna            	McClinton
Kaspar           	McCracken
Christie         	McCurlye
Wyn              	McDaid
Mellicent        	McDonagh
Crawford         	McGaffey
Abel             	McGibbon
Annabell         	McGrann
Darya            	McIndoe
Elsworth         	McKeevers
Cleveland        	McKennan
Rodolph          	McLelland
Elwin            	McMeekin
Malinda          	McMorran
Kissee           	McNicol
Penny            	McQuilty
Sarene           	McRae
Morissa          	McWilliams
Orton            	Mehaffey
Madeline         	Meier
Aluino           	Melbert
Rubetta          	Melmore
Rollins          	Meneur
Fredrick         	Mennell
Benjamin         	Middlemist
Ara              	Mingauld
Mariel           	Minney
Hartley          	Mogridge
Berke            	Monteath
Ilsa             	Moral
Rebekah          	Morch
Fabio            	Morsley
Berky            	Mosey
Zane             	Muge
Pia              	Mulkerrins
Perkin           	Mumby
Luelle           	Munt
Zaria            	Mushrow
Dieter           	Muspratt
Mireille         	Mustill
Jasmine          	Nason
Stacie           	Neenan
Evelina          	Neighbour
Cherry           	Nieass
Quintilla        	Niemetz
Joscelin         	Niesegen
Justus           	Noe
Elnar            	Noir
Tiebout          	Nore
Brigid           	Noseworthy
Ranna            	Nurny
Eddy             	Nutting
Laurene          	O' Cuolahan
Codie            	Oblein
Shelba           	O'Donnelly
Nancie           	O'Dougherty
Kelli            	O'Downe
Josias           	O'Fallone
Patton           	O'Grady
Ora              	Olechnowicz
Benjamen         	O'Mohun
Stephen          	Orgee
Leonhard         	Orred
Cobbie           	Orringe
Kayla            	Orrock
Ginevra          	Orthmann
Leah             	Ortsmann
Benni            	O'Scandall
Gareth           	Oulett
Kelsy            	Ovenell
Erv              	Ovett
Cherise          	Paddock
Cherice          	Palay
Bren             	Panas
Rance            	Parcell
Pauly            	Parkhouse
Malia            	Parlott
Somerset         	Parres
Brett            	Parsley
Ardra            	Paske
Dedra            	Passey
Zackariah        	Patman
Ivar             	Patty
Elisha           	Pauer
Jeffry           	Pauling
Lenard           	Pavelin
Vladamir         	Peachey
Marisa           	Pegg
Bettye           	Pellant
Peter            	Pendre
Tansy            	Pendrill
Giffy            	Penquet
Gilligan         	Penton
Denis            	Penvarden
Abran            	Percifull
Minni            	Pesak
Xymenes          	Petch
Leonore          	Petrie
Blanch           	Pettifor
Antone           	Pettingall
Malina           	Pettus
Bentlee          	Pfaffe
Anjela           	Pfaffel
Tymothy          	Philbrick
Jeanine          	Phuprate
Cathy            	Pieracci
Sophie           	Pietroni
Kerry            	Pinchbeck
Ivor             	Pineaux
Blondelle        	Pinkney
Rabbi            	Pittet
Keeley           	Plane
Kathryn          	Pley
Tatiania         	Plover
Dory             	Plumptre
Janel            	Plumridge
Alane            	Pluvier
Florian          	Poacher
Bear             	Poff
Clo              	Poland
Mora             	Polglase
Clemmy           	Pontefract
Cassi            	Poon
Kaine            	Posnette
Patricia         	Poupard
Teri             	Prayer
Mindy            	Precious
Corny            	Prestie
Stella           	Priest
Jane             	Primak
Cello            	Proppers
Bernette         	Prowse
Christalle       	Puleque
Kelbee           	Pullar
Garey            	Pulster
Graham           	Purviss
Rurik            	Pyner
Giulio           	Quantick
Roshelle         	Quinnette
Marj             	Radage
Ansel            	Raiker
Victoria         	Raithbie
Raymund          	Rao
Henrieta         	Rathbone
Gertrude         	Rathbone
Kim              	Ratie
Loria            	Ratter
Ester            	Raulin
Floyd            	Raund
Licha            	Rawson
Nannie           	Rebichon
Hamil            	Reddick
Abra             	Redgrove
Brear            	Redwing
Kessia           	Reedie
Lise             	Reid
Lara             	Reidshaw
Bethina          	Remirez
Tasha            	Renols
Zacharias        	Revett
Cthrine          	Ricardon
Sutherland       	Ricciardo
Val              	Ricold
Millicent        	Riddles
Reese            	Ridolfi
Fletcher         	Rigardeau
Silvanus         	Rizzo
Etty             	Robbe
Dawna            	Robe
Mackenzie        	Roddy
Meta             	Roglieri
Hetty            	Rohlf
Clarice          	Rontree
Clair            	Rosberg
Giselbert        	Roscow
Angie            	Rosenberger
Glenna           	Rosenblad
Torry            	Rougier
Borg             	Rudham
Boniface         	Ruf
Antonella        	Ruger
Chic             	Runnacles
Redford          	Ruos
Inna             	Ruperto
Roderigo         	Rushbrook
Heidie           	Ruslinge
Reena            	Rylance
Waylon           	Sabbins
Selig            	Sach
Barbette         	Saddler
Lydon            	Sainsbury
Harlen           	Salerg
Ambrosi          	Sand
Evangelina       	Sapson
Glynda           	Saunt
Avis             	Scatcher
Hansiain         	Schaumaker
Pen              	Scheffler
Riki             	Schoenrock
Jayme            	Scholtz
Holli            	Scneider
Sloan            	Scowcroft
Beverlie         	Scudders
Sheffield        	Scullion
Correy           	Seely
Carmine          	Seer
Cornela          	Seggie
Fergus           	Selburn
Karl             	Sellars
Calv             	Senechell
Jacinta          	Serraillier
Melania          	Setter
Andromache       	Sewart
Maximilian       	Shafto
Crissie          	Shardlow
Heddi            	Shewery
Lynnelle         	Shewry
Goober           	Shimmans
Frederik         	Shingler
Heywood          	Shinn
Doretta          	Shrimpling
Zacharias        	Shurmore
Kalle            	Shuxsmith
Evangelin        	Sibbe
Brew             	Sidnell
Calla            	Siggins
Gillie           	Silkston
Avie             	Silvermann
Emalia           	Simao
Blisse           	Simmins
Jaime            	Skillman
Odille           	Skippon
Rozella          	Slimme
Leeanne          	Smewings
Teresa           	Snar
Celeste          	Snoden
Judie            	Soeiro
Corabella        	Soffe
Viola            	Soltan
Aldus            	Sorensen
Kelley           	Sothcott
Conrado          	Souster
Kare             	Southorn
Nataline         	Spain
Bud              	Sparshutt
Rae              	Speedin
Letisha          	Spragge
Gabriel          	Springham
Staci            	Spurrier
Waverley         	Stadden
Christy          	Staneland
Fran             	Stapley
Mason            	Start
Alfonse          	Stemp
Dante            	Steutly
Nathanael        	Stillman
Cullie           	Stimson
Fax              	Stirzaker
Lucien           	Stockley
Thibaut          	Stollen
Felic            	Stoner
Cynthie          	Storah
Devlin           	Storrier
Zebulen          	Stowell
Salvidor         	Stranger
Elvira           	Strapp
Kial             	Streader
Tabby            	Streatfeild
Antonius         	Strognell
Waiter           	Strut
Marna            	Sture
Ewart            	Sudy
Aileen           	Summerbell
Tisha            	Surplice
Ashlan           	Sutherden
Shayne           	Swalwell
Charis           	Swigg
Menard           	Swire
Coralie          	Syer
Magnum           	Sygrove
Wilmette         	Taborre
Katinka          	Tamburi
Joseito          	Tanner
Zachariah        	Tebbit
Marcile          	Tench
Oona             	Tennick
Rudie            	Teodori
Lani             	Thacker
Johan            	Thirkettle
Aldric           	Thomsson
Ernie            	Thorius
Janos            	Thring
Cherianne        	Throssell
Kelly            	Tidder
Jeannette        	Tiptaft
Aldin            	Tipton
Yanaton          	Titcombe
Audra            	Tithacott
Catina           	Tithacott
Giustina         	Titterell
Wilhelmina       	Todd
Gill             	Tommei
Tamra            	Topes
Nelson           	Toten
Alix             	Tothacot
Rustie           	Towersey
Jessy            	Trahear
Ottilie          	Trathan
Agathe           	Treacy
Cash             	Tregenza
Saundra          	Trevaskiss
Victor           	Trower
Ina              	Truluck
Darwin           	Trumper
Hugh             	Trundell
Chastity         	Trytsman
Lorelle          	Tuminini
Gunilla          	Turk
Franciska        	Tutchings
Sapphira         	Tuxill
Man              	Twamley
Amii             	Twiggins
Porter           	Tyght
Faber            	Tyhurst
Elvera           	Tythe
Maximo           	Ungerechts
Dagmar           	Utton
Lara             	Vairow
Turner           	Vakhrushev
Atlanta          	Van den Bosch
Angelia          	Vanyushkin
Stephenie        	Varne
Myrwyn           	Vassall
Charil           	Vaudre
Lana             	Vedenyapin
Quill            	Venners
Geoffrey         	Vercruysse
Gibby            	Verey
Wiatt            	Vinck
Crista           	Von Helmholtz
Rois             	Vondrasek
Jo               	Vuitte
Clare            	Waghorne
Suellen          	Waistell
Sayer            	Wardhough
Micky            	Wash
Umberto          	Waterhowse
Elbertina        	Waterman
Windham          	Weare
Reilly           	Wegenen
Joseph           	Wehden
Lucias           	Wessel
Barthel          	Whatson
Arel             	Whiles
Lyndsay          	Whitsun
Loy              	Wiffield
Frankie          	Willeman
Lowe             	Williams
Douglass         	Williamson
Cherida          	Wimsett
Richie           	Wincom
Rudie            	Winterbourne
Melisande        	Winters
Norman           	Wisby
Byrann           	Withur
Jessalyn         	Wong
Kate             	Woodard
Eilis            	Woodburne
Dee              	Woodnutt
Kile             	Woodsford
Colette          	Woofenden
Quintus          	Work
Natividad        	Worledge
Casar            	Worsell
Bert             	Worton
Catriona         	Wreiford
Starla           	Wroath
Lucius           	Wulfinger
Erin             	Yakunkin
Stu              	Yearsley
Roch             	Younie
Theodosia        	Zanneli
Loni             	Zanuciolii
Howard           	Zapata
Elsa             	Ziebart
